relative_path,size_bytes,is_binary,line_or_chunk_count,status,error
".dockerignore",132,0,12,ok,""
".git\config",369,0,14,ok,""
".git\description",73,0,1,ok,""
".git\gk\config",61,0,2,ok,""
".git\HEAD",21,0,1,ok,""
".git\hooks\applypatch-msg.sample",478,0,15,ok,""
".git\hooks\commit-msg.sample",896,0,24,ok,""
".git\hooks\fsmonitor-watchman.sample",4726,0,174,ok,""
".git\hooks\post-update.sample",189,0,8,ok,""
".git\hooks\pre-applypatch.sample",424,0,14,ok,""
".git\hooks\pre-commit.sample",1649,0,49,ok,""
".git\hooks\pre-merge-commit.sample",416,0,13,ok,""
".git\hooks\prepare-commit-msg.sample",1492,0,42,ok,""
".git\hooks\pre-push.sample",1374,0,53,ok,""
".git\hooks\pre-rebase.sample",4898,0,169,ok,""
".git\hooks\pre-receive.sample",544,0,24,ok,""
".git\hooks\push-to-checkout.sample",2783,0,78,ok,""
".git\hooks\sendemail-validate.sample",2308,0,77,ok,""
".git\hooks\update.sample",3650,0,128,ok,""
".git\index",109342,1,6834,ok,""
".git\info\exclude",240,0,6,ok,""
".git\logs\HEAD",271,0,1,ok,""
".git\logs\refs\heads\main",271,0,1,ok,""
".git\logs\refs\remotes\origin\HEAD",271,0,1,ok,""
".git\objects\pack\pack-47d356dd83aab069c64df01fafa4d604dffbd2f9.idx",31984,1,1999,ok,""
".git\objects\pack\pack-47d356dd83aab069c64df01fafa4d604dffbd2f9.pack",220409899,1,13775619,ok,""
".git\objects\pack\pack-47d356dd83aab069c64df01fafa4d604dffbd2f9.rev",4468,1,280,ok,""
".git\packed-refs",112,0,2,ok,""
".git\refs\heads\main",41,0,1,ok,""
".git\refs\remotes\origin\HEAD",30,0,1,ok,""
".gitattributes",68,0,2,ok,""
".gitignore",3910,0,181,ok,""
"ai_pedia_mcp_server\.gitignore",119,0,10,ok,""
"ai_pedia_mcp_server\.python-version",6,0,1,ok,""
"ai_pedia_mcp_server\__init__.py",0,0,0,ok,""
"ai_pedia_mcp_server\client.py",5664,0,175,ok,""
"ai_pedia_mcp_server\logs\python_check_errors.jsonl",91215,0,114,ok,""
"ai_pedia_mcp_server\main.py",895,0,35,ok,""
"ai_pedia_mcp_server\mcp_tools\__init__.py",26,0,1,ok,""
"ai_pedia_mcp_server\mcp_tools\python_checker.py",3966,0,126,ok,""
"ai_pedia_mcp_server\mcp_tools\rag_search.py",4534,0,144,ok,""
"ai_pedia_mcp_server\pyproject.toml",200,0,9,ok,""
"ai_pedia_mcp_server\README.md",0,0,0,ok,""
"ai_pedia_mcp_server\uv.lock",86897,0,629,ok,""
"config.py",2406,0,63,ok,""
"configs\eval_topics.json",5098,0,121,ok,""
"data\assets\master_template.pptx",604197,1,37763,ok,""
"data\generated_code\assets\actual_vs_predicted_plot.png",30058,1,1879,ok,""
"data\generated_code\assets\actual_vs_predicted_salary.png",55742,1,3484,ok,""
"data\generated_code\assets\chapter2_data.csv",4000,0,101,ok,""
"data\generated_code\assets\chapter3_dataset.csv",197200,0,1001,ok,""
"data\generated_code\assets\complexity_analysis.png",25818,1,1614,ok,""
"data\generated_code\assets\confusion_matrix.png",18059,1,1129,ok,""
"data\generated_code\assets\feature_importance.png",25088,1,1568,ok,""
"data\generated_code\assets\generated_code_3.png",5404,1,338,ok,""
"data\generated_code\assets\generated_code_4.png",5018,1,314,ok,""
"data\generated_code\assets\generated_dataset.csv",3794,0,101,ok,""
"data\generated_code\assets\housing_data.csv",8648,0,201,ok,""
"data\generated_code\assets\housing_relationships.png",40897,1,2557,ok,""
"data\generated_code\assets\linear_regression_data.csv",3913,0,101,ok,""
"data\generated_code\assets\linear_regression_fit.png",42747,1,2672,ok,""
"data\generated_code\assets\linear_regression_fitted_line.png",37198,1,2325,ok,""
"data\generated_code\assets\linear_regression_plot.png",44021,1,2752,ok,""
"data\generated_code\assets\linear_regression_residuals.png",23877,1,1493,ok,""
"data\generated_code\assets\linear_regression_sample_data.png",27916,1,1745,ok,""
"data\generated_code\assets\linear_regression_summary.txt",0,0,0,ok,""
"data\generated_code\assets\linear_regression_test_plot.png",27289,1,1706,ok,""
"data\generated_code\assets\ml_regression_analysis.png",99335,1,6209,ok,""
"data\generated_code\assets\model_metrics.txt",178,0,7,ok,""
"data\generated_code\assets\multi_linear_data.csv",5963,0,101,ok,""
"data\generated_code\assets\multi_linear_plot.png",28771,1,1799,ok,""
"data\generated_code\assets\multiple_linear_regression_data.csv",5948,0,101,ok,""
"data\generated_code\assets\multiple_linear_regression_plot.png",31875,1,1993,ok,""
"data\generated_code\assets\polynomial_regression_data.csv",3771,0,101,ok,""
"data\generated_code\assets\polynomial_regression_plot.png",43786,1,2737,ok,""
"data\generated_code\assets\predicted_vs_actual.png",30823,1,1927,ok,""
"data\generated_code\assets\prediction_distribution.png",18206,1,1138,ok,""
"data\generated_code\assets\predictions.csv",326,0,31,ok,""
"data\generated_code\assets\rag_results_summary.csv",1253,0,7,ok,""
"data\generated_code\assets\raw_data.png",29630,1,1852,ok,""
"data\generated_code\assets\regression_fit.png",44780,1,2799,ok,""
"data\generated_code\assets\regression_line.png",47183,1,2949,ok,""
"data\generated_code\assets\residual_plot.png",35751,1,2235,ok,""
"data\generated_code\assets\residuals_distribution.png",19246,1,1203,ok,""
"data\generated_code\assets\residuals_plot.png",24840,1,1553,ok,""
"data\generated_code\assets\retrieval_results_1.png",22015,1,1376,ok,""
"data\generated_code\assets\retrieval_results_2.png",22149,1,1385,ok,""
"data\generated_code\assets\retrieval_results_3.png",21039,1,1315,ok,""
"data\generated_code\assets\rnn_time_series_results.png",128566,1,8036,ok,""
"data\generated_code\assets\salary_data.csv",43721,0,1001,ok,""
"data\generated_code\assets\sample_documents.txt",911,0,10,ok,""
"data\generated_code\assets\sample_plot.png",23737,1,1484,ok,""
"data\generated_code\assets\sample_predictions.png",10643,1,666,ok,""
"data\generated_code\assets\scatter_plot.png",37992,1,2375,ok,""
"data\generated_code\assets\simple_linear_regression.png",39854,1,2491,ok,""
"data\generated_code\assets\slides_images\lesson_1768027146.pdf",21713,1,1358,ok,""
"data\generated_code\assets\slides_images\lesson_1768027624.pdf",21713,1,1358,ok,""
"data\generated_code\assets\slides_images\lesson_1768043563.pdf",134592,1,8412,ok,""
"data\generated_code\assets\slides_images\lesson_1768044762.pdf",125906,1,7870,ok,""
"data\generated_code\assets\slides_images\lesson_1768104809.pdf",108881,1,6806,ok,""
"data\generated_code\assets\slides_images\lesson_1768105363.pdf",116702,1,7294,ok,""
"data\generated_code\assets\slides_images\lesson_1768105692.pdf",115231,1,7202,ok,""
"data\generated_code\assets\slides_images\lesson_1768106139.pdf",117792,1,7362,ok,""
"data\generated_code\assets\slides_images\lesson_1768106673.pdf",109941,1,6872,ok,""
"data\generated_code\assets\slides_images\lesson_1768315085.pdf",112396,1,7025,ok,""
"data\generated_code\assets\slides_images\lesson_1768316148.pdf",122889,1,7681,ok,""
"data\generated_code\assets\slides_images\lesson_1768582356.pdf",112011,1,7001,ok,""
"data\generated_code\assets\slides_images\lesson_1768583110.pdf",116947,1,7310,ok,""
"data\generated_code\assets\slides_images\slide_001.png",62643,1,3916,ok,""
"data\generated_code\assets\slides_images\slide_002.png",84905,1,5307,ok,""
"data\generated_code\assets\slides_images\slide_003.png",82925,1,5183,ok,""
"data\generated_code\assets\slides_images\slide_004.png",99262,1,6204,ok,""
"data\generated_code\assets\slides_images\slide_005.png",74323,1,4646,ok,""
"data\generated_code\assets\slides_images\slide_006.png",70159,1,4385,ok,""
"data\generated_code\assets\slides_images\slide_007.png",65801,1,4113,ok,""
"data\generated_code\assets\slides_images\slide_008.png",56207,1,3513,ok,""
"data\generated_code\assets\slides_images\slide_009.png",81851,1,5116,ok,""
"data\generated_code\assets\slides_images\slide_010.png",69845,1,4366,ok,""
"data\generated_code\assets\synthetic_data.csv",3921,0,101,ok,""
"data\generated_code\assets\synthetic_dataset.csv",5218,0,101,ok,""
"data\generated_code\assets\topic2_lesson.md",1100,0,40,ok,""
"data\generated_code\assets\train_test_split.png",50683,1,3168,ok,""
"data\generated_code\assets\training_history.png",26025,1,1627,ok,""
"data\generated_code\assets\transformer_attention_weights.png",23252,1,1454,ok,""
"data\generated_code\assets\transformer_training_losses.png",20402,1,1276,ok,""
"data\generated_code\assets\valo_correlation_heatmap.png",88730,1,5546,ok,""
"data\generated_code\assets\valo_map_performance.png",48626,1,3040,ok,""
"data\generated_code\assets\valo_performance_analysis.png",136126,1,8508,ok,""
"data\generated_code\assets\valo_raw_data.csv",8180,0,101,ok,""
"data\generated_code\assets\valo_summary_statistics.csv",205,0,2,ok,""
"data\generated_code\assets\vectorizer.pkl",3067,1,192,ok,""
"data\generated_code\output\lesson_1768043563_lecture.mp4",10221126,1,638821,ok,""
"data\generated_code\output\lesson_1768104809_lecture.mp4",10707541,1,669222,ok,""
"data\generated_code\output\lesson_1768105692_lecture.mp4",11678819,1,729927,ok,""
"data\generated_code\output\lesson_1768106139_lecture.mp4",13035495,1,814719,ok,""
"data\generated_code\output\lesson_1768106673_lecture.mp4",10337594,1,646100,ok,""
"data\generated_code\output\lesson_1768315085_lecture.mp4",8903635,1,556478,ok,""
"data\generated_code\output\lesson_1768316148_lecture.mp4",8833244,1,552078,ok,""
"data\generated_code\output\lesson_1768583110_lecture.mp4",8879972,1,554999,ok,""
"data\generated_code\output\temp_clips\audio_0.mp3",217584,1,13599,ok,""
"data\generated_code\output\temp_clips\audio_1.mp3",278784,1,17424,ok,""
"data\generated_code\output\temp_clips\audio_2.mp3",255600,1,15975,ok,""
"data\generated_code\output\temp_clips\audio_3.mp3",361152,1,22572,ok,""
"data\generated_code\output\temp_clips\audio_4.mp3",426960,1,26685,ok,""
"data\generated_code\output\temp_clips\audio_5.mp3",418608,1,26163,ok,""
"data\generated_code\output\temp_clips\audio_6.mp3",332784,1,20799,ok,""
"data\generated_code\output\temp_clips\audio_7.mp3",289296,1,18081,ok,""
"data\generated_code\output\temp_clips\audio_8.mp3",380304,1,23769,ok,""
"data\generated_code\output\temp_clips\audio_9.mp3",380160,1,23760,ok,""
"data\generated_code\run_016fa81c83384394b967c321c1c4bb8f\assets\generated_code_4.png",11765,1,736,ok,""
"data\generated_code\run_016fa81c83384394b967c321c1c4bb8f\lesson_1769021272.pptx",607084,1,37943,ok,""
"data\generated_code\run_016fa81c83384394b967c321c1c4bb8f\output\quiz.json",2304,0,58,ok,""
"data\generated_code\run_016fa81c83384394b967c321c1c4bb8f\scripts\builder_1769021272.py",4823,0,117,ok,""
"data\generated_code\run_016fa81c83384394b967c321c1c4bb8f\storyboard.json",3677,0,79,ok,""
"data\generated_code\run_0231456080a149489c3c29e21d05d37e\assets\generated_code_3.png",5791,1,362,ok,""
"data\generated_code\run_0231456080a149489c3c29e21d05d37e\assets\slides_images\lesson_1769021779.pdf",104711,1,6545,ok,""
"data\generated_code\run_0231456080a149489c3c29e21d05d37e\assets\slides_images\slide_001.png",63050,1,3941,ok,""
"data\generated_code\run_0231456080a149489c3c29e21d05d37e\assets\slides_images\slide_002.png",59426,1,3715,ok,""
"data\generated_code\run_0231456080a149489c3c29e21d05d37e\assets\slides_images\slide_003.png",45138,1,2822,ok,""
"data\generated_code\run_0231456080a149489c3c29e21d05d37e\assets\slides_images\slide_004.png",58981,1,3687,ok,""
"data\generated_code\run_0231456080a149489c3c29e21d05d37e\assets\slides_images\slide_005.png",55440,1,3465,ok,""
"data\generated_code\run_0231456080a149489c3c29e21d05d37e\assets\slides_images\slide_006.png",50454,1,3154,ok,""
"data\generated_code\run_0231456080a149489c3c29e21d05d37e\assets\slides_images\slide_007.png",42894,1,2681,ok,""
"data\generated_code\run_0231456080a149489c3c29e21d05d37e\assets\slides_images\slide_008.png",55372,1,3461,ok,""
"data\generated_code\run_0231456080a149489c3c29e21d05d37e\lesson_1769021779.pptx",601360,1,37585,ok,""
"data\generated_code\run_0231456080a149489c3c29e21d05d37e\output\lesson_1769021779_lecture.mp4",9510024,1,594377,ok,""
"data\generated_code\run_0231456080a149489c3c29e21d05d37e\output\quiz.json",2199,0,58,ok,""
"data\generated_code\run_0231456080a149489c3c29e21d05d37e\output\temp_clips\audio_0.mp3",201744,1,12609,ok,""
"data\generated_code\run_0231456080a149489c3c29e21d05d37e\output\temp_clips\audio_1.mp3",345888,1,21618,ok,""
"data\generated_code\run_0231456080a149489c3c29e21d05d37e\output\temp_clips\audio_2.mp3",414288,1,25893,ok,""
"data\generated_code\run_0231456080a149489c3c29e21d05d37e\output\temp_clips\audio_3.mp3",333936,1,20871,ok,""
"data\generated_code\run_0231456080a149489c3c29e21d05d37e\output\temp_clips\audio_4.mp3",265968,1,16623,ok,""
"data\generated_code\run_0231456080a149489c3c29e21d05d37e\output\temp_clips\audio_5.mp3",370656,1,23166,ok,""
"data\generated_code\run_0231456080a149489c3c29e21d05d37e\output\temp_clips\audio_6.mp3",347328,1,21708,ok,""
"data\generated_code\run_0231456080a149489c3c29e21d05d37e\output\temp_clips\audio_7.mp3",396288,1,24768,ok,""
"data\generated_code\run_0231456080a149489c3c29e21d05d37e\scripts\builder_1769021779.py",4974,0,121,ok,""
"data\generated_code\run_0231456080a149489c3c29e21d05d37e\storyboard.json",2484,0,72,ok,""
"data\generated_code\run_034a2b6ce8404d299eb3abcf3f33fcbd\scripts\builder_1768026953.py",4430,0,92,ok,""
"data\generated_code\run_034a2b6ce8404d299eb3abcf3f33fcbd\scripts\builder_1768027005.py",5188,0,109,ok,""
"data\generated_code\run_034a2b6ce8404d299eb3abcf3f33fcbd\scripts\builder_1768027051.py",5598,0,121,ok,""
"data\generated_code\run_034a2b6ce8404d299eb3abcf3f33fcbd\storyboard.json",3062,0,78,ok,""
"data\generated_code\run_047354394f8a4d37aff1ba7b898b9a0d\assets\generated_code_4.png",7772,1,486,ok,""
"data\generated_code\run_047354394f8a4d37aff1ba7b898b9a0d\output\quiz.json",3432,0,58,ok,""
"data\generated_code\run_047354394f8a4d37aff1ba7b898b9a0d\scripts\builder_1768315085.py",5091,0,117,ok,""
"data\generated_code\run_047354394f8a4d37aff1ba7b898b9a0d\storyboard.json",2832,0,51,ok,""
"data\generated_code\run_06e020693af846a298b85e0fa29861cc\lesson_1769286010.pptx",606698,1,37919,ok,""
"data\generated_code\run_06e020693af846a298b85e0fa29861cc\output\quiz.json",1867,0,45,ok,""
"data\generated_code\run_06e020693af846a298b85e0fa29861cc\scripts\builder_1769286010.py",8580,0,206,ok,""
"data\generated_code\run_06e020693af846a298b85e0fa29861cc\storyboard.json",2574,0,81,ok,""
"data\generated_code\run_0ecfabee0c4e4837bfcfed3a40d8afea\assets\slides_images\lesson_1769282480.pdf",172153,1,10760,ok,""
"data\generated_code\run_0ecfabee0c4e4837bfcfed3a40d8afea\assets\slides_images\slide_001.png",47321,1,2958,ok,""
"data\generated_code\run_0ecfabee0c4e4837bfcfed3a40d8afea\assets\slides_images\slide_002.png",29355,1,1835,ok,""
"data\generated_code\run_0ecfabee0c4e4837bfcfed3a40d8afea\assets\slides_images\slide_003.png",70965,1,4436,ok,""
"data\generated_code\run_0ecfabee0c4e4837bfcfed3a40d8afea\assets\slides_images\slide_004.png",70971,1,4436,ok,""
"data\generated_code\run_0ecfabee0c4e4837bfcfed3a40d8afea\assets\slides_images\slide_005.png",71114,1,4445,ok,""
"data\generated_code\run_0ecfabee0c4e4837bfcfed3a40d8afea\assets\slides_images\slide_006.png",41242,1,2578,ok,""
"data\generated_code\run_0ecfabee0c4e4837bfcfed3a40d8afea\lesson_1769282480.pptx",599180,1,37449,ok,""
"data\generated_code\run_0ecfabee0c4e4837bfcfed3a40d8afea\output\lesson_1769282480_lecture.mp4",5855352,1,365960,ok,""
"data\generated_code\run_0ecfabee0c4e4837bfcfed3a40d8afea\output\quiz.json",1848,0,45,ok,""
"data\generated_code\run_0ecfabee0c4e4837bfcfed3a40d8afea\output\temp_clips\audio_0.mp3",183888,1,11493,ok,""
"data\generated_code\run_0ecfabee0c4e4837bfcfed3a40d8afea\output\temp_clips\audio_1.mp3",297648,1,18603,ok,""
"data\generated_code\run_0ecfabee0c4e4837bfcfed3a40d8afea\output\temp_clips\audio_2.mp3",277056,1,17316,ok,""
"data\generated_code\run_0ecfabee0c4e4837bfcfed3a40d8afea\output\temp_clips\audio_3.mp3",253296,1,15831,ok,""
"data\generated_code\run_0ecfabee0c4e4837bfcfed3a40d8afea\output\temp_clips\audio_4.mp3",256752,1,16047,ok,""
"data\generated_code\run_0ecfabee0c4e4837bfcfed3a40d8afea\output\temp_clips\audio_5.mp3",436896,1,27306,ok,""
"data\generated_code\run_0ecfabee0c4e4837bfcfed3a40d8afea\scripts\builder_1769282391.py",9154,0,218,ok,""
"data\generated_code\run_0ecfabee0c4e4837bfcfed3a40d8afea\scripts\builder_1769282480.py",7321,0,171,ok,""
"data\generated_code\run_0ecfabee0c4e4837bfcfed3a40d8afea\storyboard.json",2862,0,81,ok,""
"data\generated_code\run_21f2f78a75024a62a514589a9bf390b7\lesson_1769286396.pptx",599143,1,37447,ok,""
"data\generated_code\run_21f2f78a75024a62a514589a9bf390b7\output\quiz.json",1760,0,45,ok,""
"data\generated_code\run_21f2f78a75024a62a514589a9bf390b7\scripts\builder_1769286396.py",7542,0,177,ok,""
"data\generated_code\run_21f2f78a75024a62a514589a9bf390b7\storyboard.json",2987,0,83,ok,""
"data\generated_code\run_2fe8c75ead1140979fdabb058bd1e497\lesson_1769022337.pptx",603693,1,37731,ok,""
"data\generated_code\run_2fe8c75ead1140979fdabb058bd1e497\scripts\builder_1769022337.py",5529,0,127,ok,""
"data\generated_code\run_2fe8c75ead1140979fdabb058bd1e497\storyboard.json",2970,0,88,ok,""
"data\generated_code\run_31894469dd264514a5d4bd9e1e5a3d62\assets\slides_images\lesson_1769359890.pdf",150623,1,9414,ok,""
"data\generated_code\run_31894469dd264514a5d4bd9e1e5a3d62\assets\slides_images\slide_001.png",28231,1,1765,ok,""
"data\generated_code\run_31894469dd264514a5d4bd9e1e5a3d62\assets\slides_images\slide_002.png",29043,1,1816,ok,""
"data\generated_code\run_31894469dd264514a5d4bd9e1e5a3d62\assets\slides_images\slide_003.png",27633,1,1728,ok,""
"data\generated_code\run_31894469dd264514a5d4bd9e1e5a3d62\assets\slides_images\slide_004.png",28795,1,1800,ok,""
"data\generated_code\run_31894469dd264514a5d4bd9e1e5a3d62\assets\slides_images\slide_005.png",29573,1,1849,ok,""
"data\generated_code\run_31894469dd264514a5d4bd9e1e5a3d62\assets\slides_images\slide_006.png",30006,1,1876,ok,""
"data\generated_code\run_31894469dd264514a5d4bd9e1e5a3d62\assets\slides_images\slide_007.png",30932,1,1934,ok,""
"data\generated_code\run_31894469dd264514a5d4bd9e1e5a3d62\lesson_1769359890.pptx",598134,1,37384,ok,""
"data\generated_code\run_31894469dd264514a5d4bd9e1e5a3d62\output\lesson_1769359890_lecture.mp4",6398059,1,399879,ok,""
"data\generated_code\run_31894469dd264514a5d4bd9e1e5a3d62\output\quiz.json",2273,0,58,ok,""
"data\generated_code\run_31894469dd264514a5d4bd9e1e5a3d62\output\temp_clips\audio_0.mp3",205776,1,12861,ok,""
"data\generated_code\run_31894469dd264514a5d4bd9e1e5a3d62\output\temp_clips\audio_1.mp3",283824,1,17739,ok,""
"data\generated_code\run_31894469dd264514a5d4bd9e1e5a3d62\output\temp_clips\audio_2.mp3",381600,1,23850,ok,""
"data\generated_code\run_31894469dd264514a5d4bd9e1e5a3d62\output\temp_clips\audio_3.mp3",269856,1,16866,ok,""
"data\generated_code\run_31894469dd264514a5d4bd9e1e5a3d62\output\temp_clips\audio_4.mp3",227952,1,14247,ok,""
"data\generated_code\run_31894469dd264514a5d4bd9e1e5a3d62\output\temp_clips\audio_5.mp3",296640,1,18540,ok,""
"data\generated_code\run_31894469dd264514a5d4bd9e1e5a3d62\output\temp_clips\audio_6.mp3",371232,1,23202,ok,""
"data\generated_code\run_31894469dd264514a5d4bd9e1e5a3d62\scripts\builder_1769359890.py",8382,0,226,ok,""
"data\generated_code\run_31894469dd264514a5d4bd9e1e5a3d62\storyboard.json",3219,0,78,ok,""
"data\generated_code\run_44cecf3ef815405ea228026ba7f3077d\assets\chart_4.png",15233,1,953,ok,""
"data\generated_code\run_44cecf3ef815405ea228026ba7f3077d\assets\code_2.png",3806,1,238,ok,""
"data\generated_code\run_44cecf3ef815405ea228026ba7f3077d\lesson_1770900233.pptx",613462,1,38342,ok,""
"data\generated_code\run_44cecf3ef815405ea228026ba7f3077d\output\quiz.json",2466,0,58,ok,""
"data\generated_code\run_44cecf3ef815405ea228026ba7f3077d\storyboard.json",2575,0,65,ok,""
"data\generated_code\run_559ee2e84c5b4da187e70f0bb8de6103\scripts\builder_1768027146.py",4052,0,90,ok,""
"data\generated_code\run_559ee2e84c5b4da187e70f0bb8de6103\storyboard.json",2805,0,75,ok,""
"data\generated_code\run_56ef8c991d0c411bb3ae07778a4f8e04\assets\generated_code_4.png",14508,1,907,ok,""
"data\generated_code\run_56ef8c991d0c411bb3ae07778a4f8e04\scripts\builder_1768579876.py",5048,0,122,ok,""
"data\generated_code\run_56ef8c991d0c411bb3ae07778a4f8e04\storyboard.json",2626,0,59,ok,""
"data\generated_code\run_60e8852785654f8bb7683bf339f3ac80\assets\bubble_sort_final.png",12754,1,798,ok,""
"data\generated_code\run_60e8852785654f8bb7683bf339f3ac80\assets\bubble_sort_initial.png",13334,1,834,ok,""
"data\generated_code\run_60e8852785654f8bb7683bf339f3ac80\assets\chart_4.png",19279,1,1205,ok,""
"data\generated_code\run_60e8852785654f8bb7683bf339f3ac80\assets\code_2.png",9287,1,581,ok,""
"data\generated_code\run_60e8852785654f8bb7683bf339f3ac80\assets\slides_images\lesson_1771503754.pdf",118779,1,7424,ok,""
"data\generated_code\run_60e8852785654f8bb7683bf339f3ac80\assets\slides_images\slide_001.png",66011,1,4126,ok,""
"data\generated_code\run_60e8852785654f8bb7683bf339f3ac80\assets\slides_images\slide_002.png",70395,1,4400,ok,""
"data\generated_code\run_60e8852785654f8bb7683bf339f3ac80\assets\slides_images\slide_003.png",86248,1,5391,ok,""
"data\generated_code\run_60e8852785654f8bb7683bf339f3ac80\assets\slides_images\slide_004.png",60417,1,3777,ok,""
"data\generated_code\run_60e8852785654f8bb7683bf339f3ac80\assets\slides_images\slide_005.png",97013,1,6064,ok,""
"data\generated_code\run_60e8852785654f8bb7683bf339f3ac80\assets\slides_images\slide_006.png",76372,1,4774,ok,""
"data\generated_code\run_60e8852785654f8bb7683bf339f3ac80\assets\slides_images\slide_007.png",56861,1,3554,ok,""
"data\generated_code\run_60e8852785654f8bb7683bf339f3ac80\assets\sorting_algorithms_performance.png",69895,1,4369,ok,""
"data\generated_code\run_60e8852785654f8bb7683bf339f3ac80\lesson_1771503754.pptx",622108,1,38882,ok,""
"data\generated_code\run_60e8852785654f8bb7683bf339f3ac80\output\lesson_1771503754_lecture.mp4",8266205,1,516638,ok,""
"data\generated_code\run_60e8852785654f8bb7683bf339f3ac80\output\quiz.json",4054,0,125,ok,""
"data\generated_code\run_60e8852785654f8bb7683bf339f3ac80\output\temp_clips\audio_0.mp3",188352,1,11772,ok,""
"data\generated_code\run_60e8852785654f8bb7683bf339f3ac80\output\temp_clips\audio_1.mp3",240048,1,15003,ok,""
"data\generated_code\run_60e8852785654f8bb7683bf339f3ac80\output\temp_clips\audio_2.mp3",439056,1,27441,ok,""
"data\generated_code\run_60e8852785654f8bb7683bf339f3ac80\output\temp_clips\audio_3.mp3",298512,1,18657,ok,""
"data\generated_code\run_60e8852785654f8bb7683bf339f3ac80\output\temp_clips\audio_4.mp3",400608,1,25038,ok,""
"data\generated_code\run_60e8852785654f8bb7683bf339f3ac80\output\temp_clips\audio_5.mp3",286848,1,17928,ok,""
"data\generated_code\run_60e8852785654f8bb7683bf339f3ac80\output\temp_clips\audio_6.mp3",303120,1,18945,ok,""
"data\generated_code\run_60e8852785654f8bb7683bf339f3ac80\scripts\step3_coder_20260219_1219_20260219_1219.py",10197,0,327,ok,""
"data\generated_code\run_60e8852785654f8bb7683bf339f3ac80\storyboard.json",2777,0,65,ok,""
"data\generated_code\run_6165200dfe144a14b747b73ab9e2a190\assets\generated_code_5.png",20633,1,1290,ok,""
"data\generated_code\run_6165200dfe144a14b747b73ab9e2a190\output\quiz.json",8748,0,199,ok,""
"data\generated_code\run_6165200dfe144a14b747b73ab9e2a190\scripts\builder_1768329608.py",5937,0,134,ok,""
"data\generated_code\run_6165200dfe144a14b747b73ab9e2a190\storyboard.json",2841,0,65,ok,""
"data\generated_code\run_6226a581d6d3431daab082631ba6f48c\assets\generated_code_1.png",10354,1,648,ok,""
"data\generated_code\run_6226a581d6d3431daab082631ba6f48c\assets\generated_code_2.png",3779,1,237,ok,""
"data\generated_code\run_6226a581d6d3431daab082631ba6f48c\assets\generated_code_3.png",7664,1,479,ok,""
"data\generated_code\run_6226a581d6d3431daab082631ba6f48c\scripts\builder_1768042492.py",5311,0,124,ok,""
"data\generated_code\run_6226a581d6d3431daab082631ba6f48c\scripts\builder_1768042534.py",5202,0,124,ok,""
"data\generated_code\run_6226a581d6d3431daab082631ba6f48c\scripts\builder_1768042571.py",5018,0,118,ok,""
"data\generated_code\run_6226a581d6d3431daab082631ba6f48c\storyboard.json",2783,0,77,ok,""
"data\generated_code\run_751832ee3a484d4d92328d05cb4c1467\assets\generated_code_2.png",14839,1,928,ok,""
"data\generated_code\run_751832ee3a484d4d92328d05cb4c1467\assets\generated_code_3.png",3457,1,217,ok,""
"data\generated_code\run_751832ee3a484d4d92328d05cb4c1467\assets\generated_code_4.png",4853,1,304,ok,""
"data\generated_code\run_751832ee3a484d4d92328d05cb4c1467\assets\generated_code_6.png",4412,1,276,ok,""
"data\generated_code\run_751832ee3a484d4d92328d05cb4c1467\output\quiz.json",2310,0,58,ok,""
"data\generated_code\run_751832ee3a484d4d92328d05cb4c1467\scripts\builder_1768582330.py",5458,0,128,ok,""
"data\generated_code\run_751832ee3a484d4d92328d05cb4c1467\scripts\builder_1768582356.py",5299,0,133,ok,""
"data\generated_code\run_751832ee3a484d4d92328d05cb4c1467\storyboard.json",3097,0,81,ok,""
"data\generated_code\run_772fb025d4804674b9213cbe274747e5\assets\generated_code_5.png",4646,1,291,ok,""
"data\generated_code\run_772fb025d4804674b9213cbe274747e5\assets\generated_code_7.png",8860,1,554,ok,""
"data\generated_code\run_772fb025d4804674b9213cbe274747e5\output\quiz.json",6232,0,117,ok,""
"data\generated_code\run_772fb025d4804674b9213cbe274747e5\scripts\builder_1768316098.py",5248,0,125,ok,""
"data\generated_code\run_772fb025d4804674b9213cbe274747e5\scripts\builder_1768316148.py",5613,0,135,ok,""
"data\generated_code\run_772fb025d4804674b9213cbe274747e5\storyboard.json",3225,0,66,ok,""
"data\generated_code\run_789711ca70d94b39a1eb95779c4316ac\assets\generated_code_3.png",10239,1,640,ok,""
"data\generated_code\run_789711ca70d94b39a1eb95779c4316ac\lesson_1769020919.pptx",605574,1,37849,ok,""
"data\generated_code\run_789711ca70d94b39a1eb95779c4316ac\output\quiz.json",1879,0,45,ok,""
"data\generated_code\run_789711ca70d94b39a1eb95779c4316ac\scripts\builder_1769020879.py",5186,0,125,ok,""
"data\generated_code\run_789711ca70d94b39a1eb95779c4316ac\scripts\builder_1769020919.py",5836,0,139,ok,""
"data\generated_code\run_789711ca70d94b39a1eb95779c4316ac\storyboard.json",3297,0,79,ok,""
"data\generated_code\run_82e0d4a3990b4419894ac251f01bf602\assets\generated_code_3.png",14530,1,909,ok,""
"data\generated_code\run_82e0d4a3990b4419894ac251f01bf602\assets\generated_code_6.png",12324,1,771,ok,""
"data\generated_code\run_82e0d4a3990b4419894ac251f01bf602\assets\slides_images\lesson_1769088879.pdf",123725,1,7733,ok,""
"data\generated_code\run_82e0d4a3990b4419894ac251f01bf602\assets\slides_images\slide_001.png",60820,1,3802,ok,""
"data\generated_code\run_82e0d4a3990b4419894ac251f01bf602\assets\slides_images\slide_002.png",74775,1,4674,ok,""
"data\generated_code\run_82e0d4a3990b4419894ac251f01bf602\assets\slides_images\slide_003.png",83857,1,5242,ok,""
"data\generated_code\run_82e0d4a3990b4419894ac251f01bf602\assets\slides_images\slide_004.png",77782,1,4862,ok,""
"data\generated_code\run_82e0d4a3990b4419894ac251f01bf602\assets\slides_images\slide_005.png",62221,1,3889,ok,""
"data\generated_code\run_82e0d4a3990b4419894ac251f01bf602\assets\slides_images\slide_006.png",85976,1,5374,ok,""
"data\generated_code\run_82e0d4a3990b4419894ac251f01bf602\assets\slides_images\slide_007.png",76540,1,4784,ok,""
"data\generated_code\run_82e0d4a3990b4419894ac251f01bf602\assets\slides_images\slide_008.png",86601,1,5413,ok,""
"data\generated_code\run_82e0d4a3990b4419894ac251f01bf602\lesson_1769088879.pptx",618292,1,38644,ok,""
"data\generated_code\run_82e0d4a3990b4419894ac251f01bf602\output\lesson_1769088879_lecture.mp4",10507418,1,656714,ok,""
"data\generated_code\run_82e0d4a3990b4419894ac251f01bf602\output\quiz.json",2237,0,58,ok,""
"data\generated_code\run_82e0d4a3990b4419894ac251f01bf602\output\temp_clips\audio_0.mp3",221328,1,13833,ok,""
"data\generated_code\run_82e0d4a3990b4419894ac251f01bf602\output\temp_clips\audio_1.mp3",253152,1,15822,ok,""
"data\generated_code\run_82e0d4a3990b4419894ac251f01bf602\output\temp_clips\audio_2.mp3",417744,1,26109,ok,""
"data\generated_code\run_82e0d4a3990b4419894ac251f01bf602\output\temp_clips\audio_3.mp3",309024,1,19314,ok,""
"data\generated_code\run_82e0d4a3990b4419894ac251f01bf602\output\temp_clips\audio_4.mp3",328608,1,20538,ok,""
"data\generated_code\run_82e0d4a3990b4419894ac251f01bf602\output\temp_clips\audio_5.mp3",276768,1,17298,ok,""
"data\generated_code\run_82e0d4a3990b4419894ac251f01bf602\output\temp_clips\audio_6.mp3",432144,1,27009,ok,""
"data\generated_code\run_82e0d4a3990b4419894ac251f01bf602\output\temp_clips\audio_7.mp3",460512,1,28782,ok,""
"data\generated_code\run_82e0d4a3990b4419894ac251f01bf602\scripts\builder_1769088879.py",5571,0,131,ok,""
"data\generated_code\run_82e0d4a3990b4419894ac251f01bf602\storyboard.json",3447,0,73,ok,""
"data\generated_code\run_8dd805a9a5034f5f87bd06165aabca61\assets\generated_code_3.png",7431,1,465,ok,""
"data\generated_code\run_8dd805a9a5034f5f87bd06165aabca61\scripts\builder_1768043014.py",5314,0,126,ok,""
"data\generated_code\run_8dd805a9a5034f5f87bd06165aabca61\scripts\builder_1768043050.py",5070,0,129,ok,""
"data\generated_code\run_8dd805a9a5034f5f87bd06165aabca61\scripts\builder_1768043084.py",4822,0,116,ok,""
"data\generated_code\run_8dd805a9a5034f5f87bd06165aabca61\storyboard.json",3454,0,74,ok,""
"data\generated_code\run_90465533644743b3bf40b14a9ec40e97\lesson_1769356732.pptx",606527,1,37908,ok,""
"data\generated_code\run_90465533644743b3bf40b14a9ec40e97\scripts\builder_1769356732.py",7944,0,190,ok,""
"data\generated_code\run_90465533644743b3bf40b14a9ec40e97\storyboard.json",3474,0,103,ok,""
"data\generated_code\run_913b1b2feced4e0ab2cf6db2f6587ead\scripts\builder_1768027553.py",4359,0,101,ok,""
"data\generated_code\run_913b1b2feced4e0ab2cf6db2f6587ead\scripts\builder_1768027587.py",5455,0,112,ok,""
"data\generated_code\run_913b1b2feced4e0ab2cf6db2f6587ead\scripts\builder_1768027624.py",5115,0,115,ok,""
"data\generated_code\run_913b1b2feced4e0ab2cf6db2f6587ead\storyboard.json",3093,0,81,ok,""
"data\generated_code\run_9a5a544f9de54a2883db6871a0ebbccd\storyboard.json",3558,0,67,ok,""
"data\generated_code\run_a52a855cc2b345a3bb794c78ddbb90f0\output\quiz.json",2404,0,58,ok,""
"data\generated_code\run_abb833b81c5148de8176b476c3373f7d\assets\chart_4.png",39219,1,2452,ok,""
"data\generated_code\run_abb833b81c5148de8176b476c3373f7d\assets\code_3.png",24466,1,1530,ok,""
"data\generated_code\run_abb833b81c5148de8176b476c3373f7d\assets\confusion_matrix_svm.png",22385,1,1400,ok,""
"data\generated_code\run_abb833b81c5148de8176b476c3373f7d\assets\decision_boundaries_svm.png",61147,1,3822,ok,""
"data\generated_code\run_abb833b81c5148de8176b476c3373f7d\assets\formula_2.png",7646,1,478,ok,""
"data\generated_code\run_abb833b81c5148de8176b476c3373f7d\assets\svm_model_summary.txt",212,0,10,ok,""
"data\generated_code\run_abb833b81c5148de8176b476c3373f7d\lesson_1772108271.pptx",659727,1,41233,ok,""
"data\generated_code\run_abb833b81c5148de8176b476c3373f7d\output\quiz.json",4213,0,125,ok,""
"data\generated_code\run_abb833b81c5148de8176b476c3373f7d\scripts\step3_coder_20260226_1217_20260226_1217.py",5467,0,151,ok,""
"data\generated_code\run_abb833b81c5148de8176b476c3373f7d\storyboard.json",3143,0,71,ok,""
"data\generated_code\run_b2d374ed39fe44b0b456d37f0ce4e293\assets\chart_3.png",29180,1,1824,ok,""
"data\generated_code\run_b2d374ed39fe44b0b456d37f0ce4e293\assets\code_5.png",5860,1,367,ok,""
"data\generated_code\run_b2d374ed39fe44b0b456d37f0ce4e293\assets\formula_2.png",8994,1,563,ok,""
"data\generated_code\run_b2d374ed39fe44b0b456d37f0ce4e293\assets\slides_images\lesson_1769791110.pdf",136194,1,8513,ok,""
"data\generated_code\run_b2d374ed39fe44b0b456d37f0ce4e293\assets\slides_images\slide_001.png",64282,1,4018,ok,""
"data\generated_code\run_b2d374ed39fe44b0b456d37f0ce4e293\assets\slides_images\slide_002.png",69219,1,4327,ok,""
"data\generated_code\run_b2d374ed39fe44b0b456d37f0ce4e293\assets\slides_images\slide_003.png",100794,1,6300,ok,""
"data\generated_code\run_b2d374ed39fe44b0b456d37f0ce4e293\assets\slides_images\slide_004.png",114986,1,7187,ok,""
"data\generated_code\run_b2d374ed39fe44b0b456d37f0ce4e293\assets\slides_images\slide_005.png",63205,1,3951,ok,""
"data\generated_code\run_b2d374ed39fe44b0b456d37f0ce4e293\assets\slides_images\slide_006.png",86409,1,5401,ok,""
"data\generated_code\run_b2d374ed39fe44b0b456d37f0ce4e293\assets\slides_images\slide_007.png",56439,1,3528,ok,""
"data\generated_code\run_b2d374ed39fe44b0b456d37f0ce4e293\lesson_1769791110.pptx",647124,1,40446,ok,""
"data\generated_code\run_b2d374ed39fe44b0b456d37f0ce4e293\output\lesson_1769791110_lecture.mp4",7409821,1,463114,ok,""
"data\generated_code\run_b2d374ed39fe44b0b456d37f0ce4e293\output\quiz.json",2106,0,45,ok,""
"data\generated_code\run_b2d374ed39fe44b0b456d37f0ce4e293\output\temp_clips\audio_0.mp3",218736,1,13671,ok,""
"data\generated_code\run_b2d374ed39fe44b0b456d37f0ce4e293\output\temp_clips\audio_1.mp3",266688,1,16668,ok,""
"data\generated_code\run_b2d374ed39fe44b0b456d37f0ce4e293\output\temp_clips\audio_2.mp3",277632,1,17352,ok,""
"data\generated_code\run_b2d374ed39fe44b0b456d37f0ce4e293\output\temp_clips\audio_3.mp3",254304,1,15894,ok,""
"data\generated_code\run_b2d374ed39fe44b0b456d37f0ce4e293\output\temp_clips\audio_4.mp3",280800,1,17550,ok,""
"data\generated_code\run_b2d374ed39fe44b0b456d37f0ce4e293\output\temp_clips\audio_5.mp3",309744,1,19359,ok,""
"data\generated_code\run_b2d374ed39fe44b0b456d37f0ce4e293\output\temp_clips\audio_6.mp3",251424,1,15714,ok,""
"data\generated_code\run_b2d374ed39fe44b0b456d37f0ce4e293\storyboard.json",2958,0,71,ok,""
"data\generated_code\run_b3cd94c6a4564a23af97ca20b80d1ab8\assets\chart_3.png",21055,1,1316,ok,""
"data\generated_code\run_b3cd94c6a4564a23af97ca20b80d1ab8\assets\code_5.png",8418,1,527,ok,""
"data\generated_code\run_b3cd94c6a4564a23af97ca20b80d1ab8\assets\formula_2.png",12741,1,797,ok,""
"data\generated_code\run_b3cd94c6a4564a23af97ca20b80d1ab8\assets\rnn_time_series_results.png",142526,1,8908,ok,""
"data\generated_code\run_b3cd94c6a4564a23af97ca20b80d1ab8\lesson_1774276762.pptx",634487,1,39656,ok,""
"data\generated_code\run_b3cd94c6a4564a23af97ca20b80d1ab8\output\quiz.json",4385,0,125,ok,""
"data\generated_code\run_b3cd94c6a4564a23af97ca20b80d1ab8\scripts\step3_coder_20260323_1437_20260323_1437.py",6907,0,206,ok,""
"data\generated_code\run_b3cd94c6a4564a23af97ca20b80d1ab8\storyboard.json",2795,0,71,ok,""
"data\generated_code\run_d515dd22091e4948bfc41a4c4b72b994\assets\generated_code_3.png",8055,1,504,ok,""
"data\generated_code\run_d515dd22091e4948bfc41a4c4b72b994\assets\slides_images\lesson_1769022450.pdf",106385,1,6650,ok,""
"data\generated_code\run_d515dd22091e4948bfc41a4c4b72b994\assets\slides_images\slide_001.png",42963,1,2686,ok,""
"data\generated_code\run_d515dd22091e4948bfc41a4c4b72b994\assets\slides_images\slide_002.png",60253,1,3766,ok,""
"data\generated_code\run_d515dd22091e4948bfc41a4c4b72b994\assets\slides_images\slide_003.png",60058,1,3754,ok,""
"data\generated_code\run_d515dd22091e4948bfc41a4c4b72b994\assets\slides_images\slide_004.png",68339,1,4272,ok,""
"data\generated_code\run_d515dd22091e4948bfc41a4c4b72b994\assets\slides_images\slide_005.png",48936,1,3059,ok,""
"data\generated_code\run_d515dd22091e4948bfc41a4c4b72b994\assets\slides_images\slide_006.png",52545,1,3285,ok,""
"data\generated_code\run_d515dd22091e4948bfc41a4c4b72b994\assets\slides_images\slide_007.png",61831,1,3865,ok,""
"data\generated_code\run_d515dd22091e4948bfc41a4c4b72b994\assets\slides_images\slide_008.png",65856,1,4116,ok,""
"data\generated_code\run_d515dd22091e4948bfc41a4c4b72b994\lesson_1769022450.pptx",603456,1,37716,ok,""
"data\generated_code\run_d515dd22091e4948bfc41a4c4b72b994\output\lesson_1769022450_lecture.mp4",8215613,1,513476,ok,""
"data\generated_code\run_d515dd22091e4948bfc41a4c4b72b994\output\quiz.json",2418,0,58,ok,""
"data\generated_code\run_d515dd22091e4948bfc41a4c4b72b994\output\temp_clips\audio_0.mp3",191952,1,11997,ok,""
"data\generated_code\run_d515dd22091e4948bfc41a4c4b72b994\output\temp_clips\audio_1.mp3",247536,1,15471,ok,""
"data\generated_code\run_d515dd22091e4948bfc41a4c4b72b994\output\temp_clips\audio_2.mp3",370080,1,23130,ok,""
"data\generated_code\run_d515dd22091e4948bfc41a4c4b72b994\output\temp_clips\audio_3.mp3",240624,1,15039,ok,""
"data\generated_code\run_d515dd22091e4948bfc41a4c4b72b994\output\temp_clips\audio_4.mp3",417168,1,26073,ok,""
"data\generated_code\run_d515dd22091e4948bfc41a4c4b72b994\output\temp_clips\audio_5.mp3",307728,1,19233,ok,""
"data\generated_code\run_d515dd22091e4948bfc41a4c4b72b994\output\temp_clips\audio_6.mp3",212400,1,13275,ok,""
"data\generated_code\run_d515dd22091e4948bfc41a4c4b72b994\output\temp_clips\audio_7.mp3",293184,1,18324,ok,""
"data\generated_code\run_d515dd22091e4948bfc41a4c4b72b994\scripts\builder_1769022450.py",5432,0,124,ok,""
"data\generated_code\run_d515dd22091e4948bfc41a4c4b72b994\storyboard.json",3014,0,82,ok,""
"data\generated_code\run_dafd0b8858d74e40b06531a8b57cc0fd\assets\chart_6.png",15256,1,954,ok,""
"data\generated_code\run_dafd0b8858d74e40b06531a8b57cc0fd\assets\code_4.png",19962,1,1248,ok,""
"data\generated_code\run_dafd0b8858d74e40b06531a8b57cc0fd\assets\formula_2.png",12630,1,790,ok,""
"data\generated_code\run_dafd0b8858d74e40b06531a8b57cc0fd\assets\slides_images\lesson_1769362989.pdf",148765,1,9298,ok,""
"data\generated_code\run_dafd0b8858d74e40b06531a8b57cc0fd\assets\slides_images\slide_001.png",70993,1,4438,ok,""
"data\generated_code\run_dafd0b8858d74e40b06531a8b57cc0fd\assets\slides_images\slide_002.png",72528,1,4533,ok,""
"data\generated_code\run_dafd0b8858d74e40b06531a8b57cc0fd\assets\slides_images\slide_003.png",110444,1,6903,ok,""
"data\generated_code\run_dafd0b8858d74e40b06531a8b57cc0fd\assets\slides_images\slide_004.png",72830,1,4552,ok,""
"data\generated_code\run_dafd0b8858d74e40b06531a8b57cc0fd\assets\slides_images\slide_005.png",110347,1,6897,ok,""
"data\generated_code\run_dafd0b8858d74e40b06531a8b57cc0fd\assets\slides_images\slide_006.png",83635,1,5228,ok,""
"data\generated_code\run_dafd0b8858d74e40b06531a8b57cc0fd\assets\slides_images\slide_007.png",99717,1,6233,ok,""
"data\generated_code\run_dafd0b8858d74e40b06531a8b57cc0fd\lesson_1769362989.pptx",651194,1,40700,ok,""
"data\generated_code\run_dafd0b8858d74e40b06531a8b57cc0fd\output\lesson_1769362989_lecture.mp4",9949930,1,621871,ok,""
"data\generated_code\run_dafd0b8858d74e40b06531a8b57cc0fd\output\quiz.json",2328,0,58,ok,""
"data\generated_code\run_dafd0b8858d74e40b06531a8b57cc0fd\output\temp_clips\audio_0.mp3",223344,1,13959,ok,""
"data\generated_code\run_dafd0b8858d74e40b06531a8b57cc0fd\output\temp_clips\audio_1.mp3",309312,1,19332,ok,""
"data\generated_code\run_dafd0b8858d74e40b06531a8b57cc0fd\output\temp_clips\audio_2.mp3",458640,1,28665,ok,""
"data\generated_code\run_dafd0b8858d74e40b06531a8b57cc0fd\output\temp_clips\audio_3.mp3",271296,1,16956,ok,""
"data\generated_code\run_dafd0b8858d74e40b06531a8b57cc0fd\output\temp_clips\audio_4.mp3",314640,1,19665,ok,""
"data\generated_code\run_dafd0b8858d74e40b06531a8b57cc0fd\output\temp_clips\audio_5.mp3",287568,1,17973,ok,""
"data\generated_code\run_dafd0b8858d74e40b06531a8b57cc0fd\output\temp_clips\audio_6.mp3",596304,1,37269,ok,""
"data\generated_code\run_dafd0b8858d74e40b06531a8b57cc0fd\storyboard.json",3324,0,71,ok,""
"data\generated_code\run_db7a465463aa4892b2e53518159d8f30\assets\chart_2.png",19305,1,1207,ok,""
"data\generated_code\run_db7a465463aa4892b2e53518159d8f30\assets\formula_4.png",9711,1,607,ok,""
"data\generated_code\run_db7a465463aa4892b2e53518159d8f30\lesson_1770905497.pptx",621764,1,38861,ok,""
"data\generated_code\run_db7a465463aa4892b2e53518159d8f30\output\quiz.json",1829,0,45,ok,""
"data\generated_code\run_db7a465463aa4892b2e53518159d8f30\storyboard.json",2520,0,64,ok,""
"data\generated_code\run_dc75386d63fc4d78b72e4c54352049ce\assets\generated_code_2.png",9732,1,609,ok,""
"data\generated_code\run_dc75386d63fc4d78b72e4c54352049ce\assets\slides_images\lesson_1769083810.pdf",108953,1,6810,ok,""
"data\generated_code\run_dc75386d63fc4d78b72e4c54352049ce\assets\slides_images\slide_001.png",44450,1,2779,ok,""
"data\generated_code\run_dc75386d63fc4d78b72e4c54352049ce\assets\slides_images\slide_002.png",75660,1,4729,ok,""
"data\generated_code\run_dc75386d63fc4d78b72e4c54352049ce\assets\slides_images\slide_003.png",54633,1,3415,ok,""
"data\generated_code\run_dc75386d63fc4d78b72e4c54352049ce\assets\slides_images\slide_004.png",39324,1,2458,ok,""
"data\generated_code\run_dc75386d63fc4d78b72e4c54352049ce\assets\slides_images\slide_005.png",52027,1,3252,ok,""
"data\generated_code\run_dc75386d63fc4d78b72e4c54352049ce\assets\slides_images\slide_006.png",65069,1,4067,ok,""
"data\generated_code\run_dc75386d63fc4d78b72e4c54352049ce\assets\slides_images\slide_007.png",57800,1,3613,ok,""
"data\generated_code\run_dc75386d63fc4d78b72e4c54352049ce\assets\slides_images\slide_008.png",71410,1,4464,ok,""
"data\generated_code\run_dc75386d63fc4d78b72e4c54352049ce\lesson_1769083810.pptx",604935,1,37809,ok,""
"data\generated_code\run_dc75386d63fc4d78b72e4c54352049ce\output\lesson_1769083810_lecture.mp4",10241692,1,640106,ok,""
"data\generated_code\run_dc75386d63fc4d78b72e4c54352049ce\output\quiz.json",1849,0,58,ok,""
"data\generated_code\run_dc75386d63fc4d78b72e4c54352049ce\output\temp_clips\audio_0.mp3",223488,1,13968,ok,""
"data\generated_code\run_dc75386d63fc4d78b72e4c54352049ce\output\temp_clips\audio_1.mp3",249696,1,15606,ok,""
"data\generated_code\run_dc75386d63fc4d78b72e4c54352049ce\output\temp_clips\audio_2.mp3",528336,1,33021,ok,""
"data\generated_code\run_dc75386d63fc4d78b72e4c54352049ce\output\temp_clips\audio_3.mp3",368784,1,23049,ok,""
"data\generated_code\run_dc75386d63fc4d78b72e4c54352049ce\output\temp_clips\audio_4.mp3",497232,1,31077,ok,""
"data\generated_code\run_dc75386d63fc4d78b72e4c54352049ce\output\temp_clips\audio_5.mp3",338832,1,21177,ok,""
"data\generated_code\run_dc75386d63fc4d78b72e4c54352049ce\output\temp_clips\audio_6.mp3",379584,1,23724,ok,""
"data\generated_code\run_dc75386d63fc4d78b72e4c54352049ce\output\temp_clips\audio_7.mp3",281232,1,17577,ok,""
"data\generated_code\run_dc75386d63fc4d78b72e4c54352049ce\scripts\builder_1769083810.py",5746,0,136,ok,""
"data\generated_code\run_dc75386d63fc4d78b72e4c54352049ce\storyboard.json",2659,0,72,ok,""
"data\generated_code\run_e5a68bf1df71425a8e8a2b87d4b3a386\assets\generated_code_3.png",7021,1,439,ok,""
"data\generated_code\run_e5a68bf1df71425a8e8a2b87d4b3a386\assets\generated_code_5.png",7358,1,460,ok,""
"data\generated_code\run_e5a68bf1df71425a8e8a2b87d4b3a386\output\quiz.json",1831,0,45,ok,""
"data\generated_code\run_e5a68bf1df71425a8e8a2b87d4b3a386\scripts\builder_1768583110.py",4895,0,114,ok,""
"data\generated_code\run_e5a68bf1df71425a8e8a2b87d4b3a386\storyboard.json",3045,0,61,ok,""
"data\generated_code\run_e693d537aeb345cf9e584f5876a4fd1a\assets\generated_code_5.png",8163,1,511,ok,""
"data\generated_code\run_e693d537aeb345cf9e584f5876a4fd1a\assets\generated_code_7.png",8102,1,507,ok,""
"data\generated_code\run_e693d537aeb345cf9e584f5876a4fd1a\scripts\builder_1768044762.py",5634,0,135,ok,""
"data\generated_code\run_e693d537aeb345cf9e584f5876a4fd1a\storyboard.json",3948,0,82,ok,""
"data\generated_code\run_e7f809ed526e4623a08bf2335efa42eb\assets\chart_4.png",31227,1,1952,ok,""
"data\generated_code\run_e7f809ed526e4623a08bf2335efa42eb\assets\code_6.png",6919,1,433,ok,""
"data\generated_code\run_e7f809ed526e4623a08bf2335efa42eb\assets\formula_2.png",7147,1,447,ok,""
"data\generated_code\run_e7f809ed526e4623a08bf2335efa42eb\lesson_1770900183.pptx",638762,1,39923,ok,""
"data\generated_code\run_e7f809ed526e4623a08bf2335efa42eb\output\quiz.json",2428,0,58,ok,""
"data\generated_code\run_e7f809ed526e4623a08bf2335efa42eb\storyboard.json",2891,0,80,ok,""
"data\generated_code\run_ea11a8edb41d412a95f5fb3ec3c8e1bd\assets\accuracy_vs_trees.png",18762,1,1173,ok,""
"data\generated_code\run_ea11a8edb41d412a95f5fb3ec3c8e1bd\assets\chart_4.png",32786,1,2050,ok,""
"data\generated_code\run_ea11a8edb41d412a95f5fb3ec3c8e1bd\assets\code_2.png",5877,1,368,ok,""
"data\generated_code\run_ea11a8edb41d412a95f5fb3ec3c8e1bd\assets\confusion_matrix_rf.png",23008,1,1438,ok,""
"data\generated_code\run_ea11a8edb41d412a95f5fb3ec3c8e1bd\assets\feature_importance_rf.png",26784,1,1674,ok,""
"data\generated_code\run_ea11a8edb41d412a95f5fb3ec3c8e1bd\lesson_1774278622.pptx",633008,1,39563,ok,""
"data\generated_code\run_ea11a8edb41d412a95f5fb3ec3c8e1bd\output\quiz.json",4559,0,125,ok,""
"data\generated_code\run_ea11a8edb41d412a95f5fb3ec3c8e1bd\scripts\step3_coder_20260323_1509_20260323_1509.py",5275,0,149,ok,""
"data\generated_code\run_ea11a8edb41d412a95f5fb3ec3c8e1bd\storyboard.json",2674,0,67,ok,""
"data\generated_code\run_eda9984566a24d93b8257760957fd9e9\assets\chart_3.png",19248,1,1203,ok,""
"data\generated_code\run_eda9984566a24d93b8257760957fd9e9\assets\code_4.png",4177,1,262,ok,""
"data\generated_code\run_eda9984566a24d93b8257760957fd9e9\assets\formula_1.png",14409,1,901,ok,""
"data\generated_code\run_eda9984566a24d93b8257760957fd9e9\lesson_1774277744.pptx",630097,1,39382,ok,""
"data\generated_code\run_eda9984566a24d93b8257760957fd9e9\output\quiz.json",4189,0,125,ok,""
"data\generated_code\run_eda9984566a24d93b8257760957fd9e9\scripts\step3_coder_20260323_1455_20260323_1455.py",4981,0,163,ok,""
"data\generated_code\run_eda9984566a24d93b8257760957fd9e9\storyboard.json",2682,0,71,ok,""
"data\generated_code\run_eedd396e1ddd4b1bb72920e4dec8dce2\assets\accuracy_vs_trees.png",20143,1,1259,ok,""
"data\generated_code\run_eedd396e1ddd4b1bb72920e4dec8dce2\assets\chart_2.png",26631,1,1665,ok,""
"data\generated_code\run_eedd396e1ddd4b1bb72920e4dec8dce2\assets\confusion_matrix_rf.png",23008,1,1438,ok,""
"data\generated_code\run_eedd396e1ddd4b1bb72920e4dec8dce2\assets\feature_importance_rf.png",26784,1,1674,ok,""
"data\generated_code\run_eedd396e1ddd4b1bb72920e4dec8dce2\assets\formula_4.png",19374,1,1211,ok,""
"data\generated_code\run_eedd396e1ddd4b1bb72920e4dec8dce2\lesson_1772109034.pptx",639220,1,39952,ok,""
"data\generated_code\run_eedd396e1ddd4b1bb72920e4dec8dce2\output\quiz.json",4383,0,125,ok,""
"data\generated_code\run_eedd396e1ddd4b1bb72920e4dec8dce2\scripts\step3_coder_20260226_1227_20260226_1227.py",5098,0,144,ok,""
"data\generated_code\run_eedd396e1ddd4b1bb72920e4dec8dce2\storyboard.json",2284,0,66,ok,""
"data\generated_code\run_eef88f5937cb4aeb9aad7f35c52f1234\assets\confusion_matrix_svm.png",22385,1,1400,ok,""
"data\generated_code\run_eef88f5937cb4aeb9aad7f35c52f1234\assets\iris_petal_features.png",53641,1,3353,ok,""
"data\generated_code\run_eef88f5937cb4aeb9aad7f35c52f1234\assets\svm_decision_boundary.png",61755,1,3860,ok,""
"data\generated_code\run_eef88f5937cb4aeb9aad7f35c52f1234\assets\svm_summary.csv",71,0,3,ok,""
"data\generated_code\run_eef88f5937cb4aeb9aad7f35c52f1234\scripts\step3_coder_20260226_1212_20260226_1212.py",5105,0,143,ok,""
"data\generated_code\run_f0cebda557ed48f1920381fb0e10271f\assets\generated_code_2.png",4588,1,287,ok,""
"data\generated_code\run_f0cebda557ed48f1920381fb0e10271f\assets\generated_code_3.png",4081,1,256,ok,""
"data\generated_code\run_f0cebda557ed48f1920381fb0e10271f\assets\generated_code_6.png",4419,1,277,ok,""
"data\generated_code\run_f0cebda557ed48f1920381fb0e10271f\assets\generated_code_7.png",6737,1,422,ok,""
"data\generated_code\run_f0cebda557ed48f1920381fb0e10271f\output\quiz.json",3441,0,80,ok,""
"data\generated_code\run_f0cebda557ed48f1920381fb0e10271f\scripts\builder_1768104809.py",4853,0,117,ok,""
"data\generated_code\run_f0cebda557ed48f1920381fb0e10271f\scripts\builder_1768105363.py",4914,0,110,ok,""
"data\generated_code\run_f0cebda557ed48f1920381fb0e10271f\storyboard.json",3104,0,74,ok,""
"data\generated_code\run_f1a320205c1e4d1fad33527af0174aa4\assets\generated_code_2.png",8669,1,542,ok,""
"data\generated_code\run_f1a320205c1e4d1fad33527af0174aa4\assets\generated_code_3.png",12513,1,783,ok,""
"data\generated_code\run_f1a320205c1e4d1fad33527af0174aa4\lesson_1769021566.pptx",613663,1,38354,ok,""
"data\generated_code\run_f1a320205c1e4d1fad33527af0174aa4\scripts\builder_1769021566.py",5557,0,130,ok,""
"data\generated_code\run_f1a320205c1e4d1fad33527af0174aa4\storyboard.json",3697,0,72,ok,""
"data\generated_code\run_f37b8c54ff6741f0a7c4afc0b675c47f\assets\generated_code_5.png",5554,1,348,ok,""
"data\generated_code\run_f37b8c54ff6741f0a7c4afc0b675c47f\scripts\builder_1768580726.py",4657,0,113,ok,""
"data\generated_code\run_f37b8c54ff6741f0a7c4afc0b675c47f\storyboard.json",3280,0,67,ok,""
"data\generated_code\run_f5b7e70c04394082bddb92cc34637974\assets\chart_4.png",21116,1,1320,ok,""
"data\generated_code\run_f5b7e70c04394082bddb92cc34637974\assets\code_6.png",20169,1,1261,ok,""
"data\generated_code\run_f5b7e70c04394082bddb92cc34637974\assets\formula_2.png",12689,1,794,ok,""
"data\generated_code\run_f5b7e70c04394082bddb92cc34637974\lesson_1770901421.pptx",643469,1,40217,ok,""
"data\generated_code\run_f5b7e70c04394082bddb92cc34637974\output\quiz.json",2274,0,58,ok,""
"data\generated_code\run_f5b7e70c04394082bddb92cc34637974\storyboard.json",2887,0,71,ok,""
"data\generated_code\run_f6bd83d55b2845d0b6830b55d839fa57\assets\slides_images\lesson_1769357794.pdf",102694,1,6419,ok,""
"data\generated_code\run_f6bd83d55b2845d0b6830b55d839fa57\assets\slides_images\slide_001.png",29422,1,1839,ok,""
"data\generated_code\run_f6bd83d55b2845d0b6830b55d839fa57\assets\slides_images\slide_002.png",66837,1,4178,ok,""
"data\generated_code\run_f6bd83d55b2845d0b6830b55d839fa57\assets\slides_images\slide_003.png",52530,1,3284,ok,""
"data\generated_code\run_f6bd83d55b2845d0b6830b55d839fa57\assets\slides_images\slide_004.png",47949,1,2997,ok,""
"data\generated_code\run_f6bd83d55b2845d0b6830b55d839fa57\assets\slides_images\slide_005.png",45085,1,2818,ok,""
"data\generated_code\run_f6bd83d55b2845d0b6830b55d839fa57\assets\slides_images\slide_006.png",48614,1,3039,ok,""
"data\generated_code\run_f6bd83d55b2845d0b6830b55d839fa57\assets\slides_images\slide_007.png",59391,1,3712,ok,""
"data\generated_code\run_f6bd83d55b2845d0b6830b55d839fa57\assets\slides_images\slide_008.png",59221,1,3702,ok,""
"data\generated_code\run_f6bd83d55b2845d0b6830b55d839fa57\lesson_1769357794.pptx",598015,1,37376,ok,""
"data\generated_code\run_f6bd83d55b2845d0b6830b55d839fa57\output\lesson_1769357794_lecture.mp4",8842230,1,552640,ok,""
"data\generated_code\run_f6bd83d55b2845d0b6830b55d839fa57\output\quiz.json",2304,0,58,ok,""
"data\generated_code\run_f6bd83d55b2845d0b6830b55d839fa57\output\temp_clips\audio_0.mp3",290448,1,18153,ok,""
"data\generated_code\run_f6bd83d55b2845d0b6830b55d839fa57\output\temp_clips\audio_1.mp3",308160,1,19260,ok,""
"data\generated_code\run_f6bd83d55b2845d0b6830b55d839fa57\output\temp_clips\audio_2.mp3",237024,1,14814,ok,""
"data\generated_code\run_f6bd83d55b2845d0b6830b55d839fa57\output\temp_clips\audio_3.mp3",396288,1,24768,ok,""
"data\generated_code\run_f6bd83d55b2845d0b6830b55d839fa57\output\temp_clips\audio_4.mp3",316944,1,19809,ok,""
"data\generated_code\run_f6bd83d55b2845d0b6830b55d839fa57\output\temp_clips\audio_5.mp3",278784,1,17424,ok,""
"data\generated_code\run_f6bd83d55b2845d0b6830b55d839fa57\output\temp_clips\audio_6.mp3",367056,1,22941,ok,""
"data\generated_code\run_f6bd83d55b2845d0b6830b55d839fa57\output\temp_clips\audio_7.mp3",284400,1,17775,ok,""
"data\generated_code\run_f6bd83d55b2845d0b6830b55d839fa57\scripts\builder_1769357794.py",8871,0,248,ok,""
"data\generated_code\run_f6bd83d55b2845d0b6830b55d839fa57\storyboard.json",3213,0,96,ok,""
"data\generated_code\run_fc5e7d7eb9b6410c8e9694243458e9f6\assets\generated_code_3.png",3528,1,221,ok,""
"data\generated_code\run_fc5e7d7eb9b6410c8e9694243458e9f6\assets\generated_code_4.png",9128,1,571,ok,""
"data\generated_code\run_fc5e7d7eb9b6410c8e9694243458e9f6\assets\generated_code_5.png",4809,1,301,ok,""
"data\generated_code\run_fc5e7d7eb9b6410c8e9694243458e9f6\assets\generated_code_7.png",4419,1,277,ok,""
"data\generated_code\run_fc5e7d7eb9b6410c8e9694243458e9f6\output\quiz.json",3450,0,59,ok,""
"data\generated_code\run_fc5e7d7eb9b6410c8e9694243458e9f6\scripts\builder_1768105692.py",4601,0,112,ok,""
"data\generated_code\run_fc5e7d7eb9b6410c8e9694243458e9f6\scripts\builder_1768106139.py",5122,0,121,ok,""
"data\generated_code\run_fc5e7d7eb9b6410c8e9694243458e9f6\scripts\builder_1768106673.py",4999,0,117,ok,""
"data\generated_code\run_fc5e7d7eb9b6410c8e9694243458e9f6\storyboard.json",3065,0,77,ok,""
"data\generated_code\run_fe4cc96e8e71405582195f61f72e622c\assets\generated_code_9.png",25435,1,1590,ok,""
"data\generated_code\run_fe4cc96e8e71405582195f61f72e622c\scripts\builder_1768043563.py",5260,0,124,ok,""
"data\generated_code\run_fe4cc96e8e71405582195f61f72e622c\storyboard.json",4212,0,103,ok,""
"data\generated_code\scripts\ml_code_demo_20260116_1635.py",2729,0,73,ok,""
"data\generated_code\scripts\step1_code_20260113_1435.py",2724,0,85,ok,""
"data\generated_code\scripts\step1_code_examples_20260111_0411.py",5052,0,162,ok,""
"data\generated_code\scripts\step1_code_examples_20260111_0427.py",5532,0,150,ok,""
"data\generated_code\scripts\step1_code_linear_regression_20260110_0645.py",3590,0,100,ok,""
"data\generated_code\scripts\step1_code_linear_regression_20260110_1054.py",1972,0,65,ok,""
"data\generated_code\scripts\step1_code_linear_regression_20260113_1454.py",3847,0,112,ok,""
"data\generated_code\scripts\step1_extract_ch2_20260110_0638.py",1400,0,44,ok,""
"data\generated_code\scripts\step1_extract_topic2_20260113_1830.py",2882,0,75,ok,""
"data\generated_code\scripts\step1_extract_topic2_outline_20260113_1837.py",7278,0,224,ok,""
"data\generated_code\scripts\step2_code_20260110_1103.py",2671,0,78,ok,""
"data\generated_code\scripts\step2_code_20260110_1111.py",2035,0,66,ok,""
"data\generated_code\scripts\step2_code_20260110_1132.py",2736,0,86,ok,""
"data\generated_code\scripts\step3_code_demo_20260116_1606.py",1819,0,59,ok,""
"data\generated_code\scripts\step3_coder_20260116_1651_20260116_1651.py",3011,0,91,ok,""
"data\generated_code\scripts\step3_coder_20260116_1704_20260116_1704.py",7299,0,210,ok,""
"data\generated_code\scripts\step3_coder_20260121_1838_20260121_1838.py",4365,0,144,ok,""
"data\generated_code\scripts\step3_coder_20260121_1847_20260121_1847.py",10955,0,326,ok,""
"data\generated_code\scripts\step3_coder_20260121_1852_20260121_1852.py",10190,0,285,ok,""
"data\generated_code\scripts\step3_coder_20260121_1855_20260121_1855.py",8884,0,254,ok,""
"data\generated_code\scripts\step3_coder_20260121_1907_20260121_1907.py",7306,0,185,ok,""
"data\generated_code\scripts\step3_coder_20260122_1208_20260122_1208.py",7529,0,202,ok,""
"data\generated_code\scripts\step3_coder_20260122_1333_20260122_1333.py",7141,0,213,ok,""
"data\generated_code\scripts\step3_coder_20260124_1918_20260124_1918.py",4227,0,137,ok,""
"data\generated_code\scripts\step3_coder_20260124_2019_20260124_2019.py",6734,0,207,ok,""
"data\generated_code\scripts\step3_coder_20260124_2026_20260124_2026.py",4687,0,165,ok,""
"data\generated_code\scripts\step3_coder_20260125_1557_20260125_1557.py",3747,0,103,ok,""
"data\generated_code\scripts\step3_coder_20260125_1616_20260125_1616.py",4768,0,158,ok,""
"data\generated_code\scripts\step3_coder_20260125_1651_20260125_1651.py",6648,0,201,ok,""
"data\generated_code\scripts\step3_coder_20260125_1742_20260125_1742.py",5355,0,173,ok,""
"data\generated_code\scripts\step3_coder_20260130_1637_20260130_1637.py",10138,0,298,ok,""
"data\generated_code\scripts\step3_coder_20260212_1240_20260212_1240.py",4110,0,125,ok,""
"data\generated_code\scripts\step3_coder_20260212_1243_20260212_1243.py",5454,0,153,ok,""
"data\generated_code\scripts\step3_coder_20260212_1303_20260212_1303.py",8122,0,220,ok,""
"data\generated_code\scripts\step3_coder_20260212_1411_20260212_1411.py",7113,0,206,ok,""
"data\generated_code\scripts\step4_code_examples_20260110_0635.py",4018,0,124,ok,""
"data\generated_code\scripts\step4_lesson_text_handout_20260113_1837.py",2089,0,73,ok,""
"data\generated_code\scripts\step5_package_code_20260110_0638.py",6555,0,195,ok,""
"data\generated_code\slides_images\lesson_1767925491.pdf",177693,1,11106,ok,""
"data\generated_code\slides_images\slide_001.png",47321,1,2958,ok,""
"data\generated_code\slides_images\slide_002.png",29355,1,1835,ok,""
"data\generated_code\slides_images\slide_003.png",70965,1,4436,ok,""
"data\generated_code\slides_images\slide_004.png",70971,1,4436,ok,""
"data\generated_code\slides_images\slide_005.png",71114,1,4445,ok,""
"data\generated_code\slides_images\slide_006.png",41242,1,2578,ok,""
"data\generated_code\slides_images\slide_007.png",33598,1,2100,ok,""
"data\generated_code\slides_images\slide_008.png",14791,1,925,ok,""
"data\generated_code\slides_images\slide_009.png",14791,1,925,ok,""
"data\generated_code\slides_images\slide_010.png",14791,1,925,ok,""
"data\generated_code\slides_images\slide_011.png",14791,1,925,ok,""
"data\generated_code\slides_images\slide_012.png",14791,1,925,ok,""
"data\generated_code\slides_images\slide_013.png",14791,1,925,ok,""
"data\generated_code\slides_images\slide_014.png",14791,1,925,ok,""
"data\generated_code\storyboard.json",4766,0,75,ok,""
"data\generated_code\temp_clips\audio_0.mp3",166896,1,10431,ok,""
"data\generated_code\temp_clips\audio_1.mp3",203904,1,12744,ok,""
"data\generated_code\temp_clips\audio_10.mp3",357840,1,22365,ok,""
"data\generated_code\temp_clips\audio_11.mp3",478224,1,29889,ok,""
"data\generated_code\temp_clips\audio_12.mp3",293472,1,18342,ok,""
"data\generated_code\temp_clips\audio_13.mp3",291744,1,18234,ok,""
"data\generated_code\temp_clips\audio_2.mp3",375408,1,23463,ok,""
"data\generated_code\temp_clips\audio_3.mp3",204048,1,12753,ok,""
"data\generated_code\temp_clips\audio_4.mp3",325728,1,20358,ok,""
"data\generated_code\temp_clips\audio_5.mp3",224640,1,14040,ok,""
"data\generated_code\temp_clips\audio_6.mp3",228096,1,14256,ok,""
"data\generated_code\temp_clips\audio_7.mp3",61632,1,3852,ok,""
"data\generated_code\temp_clips\audio_8.mp3",360720,1,22545,ok,""
"data\generated_code\temp_clips\audio_9.mp3",184320,1,11520,ok,""
"data\slides\lesson_1768043563.pptx",620350,1,38772,ok,""
"data\slides\lesson_1768044762.pptx",610521,1,38158,ok,""
"data\slides\lesson_1768104809.pptx",600560,1,37535,ok,""
"data\slides\lesson_1768105363.pptx",606926,1,37933,ok,""
"data\slides\lesson_1768105692.pptx",605078,1,37818,ok,""
"data\slides\lesson_1768106139.pptx",602384,1,37649,ok,""
"data\slides\lesson_1768106673.pptx",601532,1,37596,ok,""
"data\slides\lesson_1768315085.pptx",603472,1,37717,ok,""
"data\slides\lesson_1768316148.pptx",606685,1,37918,ok,""
"data\slides\lesson_1768329608.pptx",614316,1,38395,ok,""
"data\slides\lesson_1768579876.pptx",608010,1,38001,ok,""
"data\slides\lesson_1768580726.pptx",600762,1,37548,ok,""
"data\slides\lesson_1768582356.pptx",603926,1,37746,ok,""
"data\slides\lesson_1768583110.pptx",617490,1,38594,ok,""
"data\uploads\1768022663_Mastering_Machine_Learning_with_Scikit-Learn_-_Sec....pdf",11931062,0,136020,ok,""
"data\uploads\Mastering_Machine_Learning_with_Scikit-Learn_-_Sec....pdf",11931062,0,136020,ok,""
"data\uploads\ML_exaple.pdf",9883536,1,617721,ok,""
"data\vector_store\159f4d82-728b-4207-9045-ad476aa4d0a7\data_level0.bin",1769856,1,110616,ok,""
"data\vector_store\159f4d82-728b-4207-9045-ad476aa4d0a7\header.bin",100,1,7,ok,""
"data\vector_store\159f4d82-728b-4207-9045-ad476aa4d0a7\index_metadata.pickle",97284,1,6081,ok,""
"data\vector_store\159f4d82-728b-4207-9045-ad476aa4d0a7\length.bin",4224,1,264,ok,""
"data\vector_store\159f4d82-728b-4207-9045-ad476aa4d0a7\link_lists.bin",9120,1,570,ok,""
"data\vector_store\chroma.sqlite3",19443712,1,1215232,ok,""
"demo_front_end.py",2662,0,84,ok,""
"docker-compose.yml",282,0,13,ok,""
"Dockerfile",712,0,23,ok,""
"evaluation rules.md",10560,0,361,ok,""
"inspect_template.py",1737,0,30,ok,""
"judger_agent\__init__.py",118,0,5,ok,""
"judger_agent\judger_pipeline.py",15520,0,438,ok,""
"LICENSE",11525,0,201,ok,""
"logs\judger\034a2b6ce8404d299eb3abcf3f33fcbd.json",251981,0,4387,ok,""
"logs\judger\037fe87c458e49759761d801eb411e61.json",111426,0,2100,ok,""
"logs\judger\047354394f8a4d37aff1ba7b898b9a0d.json",145476,0,2406,ok,""
"logs\judger\07b57b219f084985be8b43bf40954c26.json",192349,0,2907,ok,""
"logs\judger\0c608054c5d346a691b12d4772d69270.json",59007,0,909,ok,""
"logs\judger\0f5e4249e9724e68ae2506c28dd7f5a8.json",192127,0,2965,ok,""
"logs\judger\12e25e5763d340618826aeae06357b80.json",169298,0,3525,ok,""
"logs\judger\1b91ddf32ead430584007525954af370.json",166283,0,2817,ok,""
"logs\judger\2d45b1b895d147b0822e01800df792a4.json",135003,0,2535,ok,""
"logs\judger\2d8071d26a8c44a986331cfa092b5ebf.json",184426,0,2973,ok,""
"logs\judger\36c0f71ecbe64952a2f49769002c5247.json",248748,0,3325,ok,""
"logs\judger\3b336845fe4847ebafe0d55b3b98403a.json",243433,0,3276,ok,""
"logs\judger\3c7a74cd190341b7ae0873be29ce6b0b.json",232322,0,2798,ok,""
"logs\judger\3fa685ef92c845868fd887f1a0c6573a.json",170021,0,2880,ok,""
"logs\judger\471066c494b843e9bb4995b19f7895b2.json",206166,0,3095,ok,""
"logs\judger\492f40d469644adfa2caf0472a0f9cd3.json",82377,0,1545,ok,""
"logs\judger\4a3b8e9bad9b4b99858a8bc31d4e4937.json",158809,0,2540,ok,""
"logs\judger\4dc910aab7e248db8a4a1b5c4e9e11c5.json",99951,0,1953,ok,""
"logs\judger\4e0de4b045b8464080e18579a218a398.json",125534,0,2359,ok,""
"logs\judger\55ee5a67d8e74ece8ab2d09c72c7e5cb.json",122,0,5,ok,""
"logs\judger\563fc84b9fcc49099e9588612623f191.json",195546,0,3201,ok,""
"logs\judger\6226a581d6d3431daab082631ba6f48c.json",162658,0,3033,ok,""
"logs\judger\682af69e04494380aa424e45b0f4e86c.json",222495,0,3066,ok,""
"logs\judger\6ac87d4488c0409c9b3ecf90b205ec51.json",173639,0,2877,ok,""
"logs\judger\7751f1da65044e1a82c37775fe653bea.json",169230,0,2235,ok,""
"logs\judger\7c008a3b4dba465db5435fe285c82798.json",168100,0,2350,ok,""
"logs\judger\8dd805a9a5034f5f87bd06165aabca61.json",158238,0,2823,ok,""
"logs\judger\91220afaf4594b028e4fddeb15c94ee5.json",155516,0,2667,ok,""
"logs\judger\913b1b2feced4e0ab2cf6db2f6587ead.json",191958,0,3280,ok,""
"logs\judger\92ea76a2500c42f0a3ba17b01f91679f.json",268627,0,3357,ok,""
"logs\judger\97fccf8547884e11975aa389c7219b5f.json",135881,0,2358,ok,""
"logs\judger\9aac72c5e2274e9f892e5502b4b547ed.json",135200,0,2677,ok,""
"logs\judger\a62153ebbd35423c9b9f6a1ed98fb39b.json",112956,0,2205,ok,""
"logs\judger\ae3955c06d0846c6b35740e053006caf.json",145988,0,2498,ok,""
"logs\judger\afe1d63eae734b5ca9b3f2d8d1d57893.json",282525,0,4442,ok,""
"logs\judger\c9f1f894abbb428ebbf593ec46928309.json",161578,0,2874,ok,""
"logs\judger\d2ca9752ff664e8d9943221ad15bcd61.json",214678,0,3015,ok,""
"logs\judger\d98ce5945d6f4faf8a5f7b653646df4a.json",184616,0,3060,ok,""
"logs\judger\e7fb125425de44a7b417a1b9257d6419.json",193947,0,3162,ok,""
"logs\judger\f6c049de86b44a83902159366e84c197.json",126655,0,2178,ok,""
"logs\judger\f79a2dfe710f4c07b1a2a187ea8aa685.json",192025,0,3034,ok,""
"logs\judger\fc5e7d7eb9b6410c8e9694243458e9f6.json",280522,0,4474,ok,""
"logs\judger\fe4cc96e8e71405582195f61f72e622c.json",188338,0,3094,ok,""
"logs\task_manager\034a2b6ce8404d299eb3abcf3f33fcbd.json",55538,0,920,ok,""
"logs\task_manager\037fe87c458e49759761d801eb411e61.json",29774,0,519,ok,""
"logs\task_manager\047354394f8a4d37aff1ba7b898b9a0d.json",49148,0,802,ok,""
"logs\task_manager\07b57b219f084985be8b43bf40954c26.json",44257,0,671,ok,""
"logs\task_manager\0c608054c5d346a691b12d4772d69270.json",43304,0,646,ok,""
"logs\task_manager\0f5e4249e9724e68ae2506c28dd7f5a8.json",46927,0,675,ok,""
"logs\task_manager\12e25e5763d340618826aeae06357b80.json",39732,0,785,ok,""
"logs\task_manager\1b91ddf32ead430584007525954af370.json",41155,0,643,ok,""
"logs\task_manager\2d45b1b895d147b0822e01800df792a4.json",35106,0,613,ok,""
"logs\task_manager\2d8071d26a8c44a986331cfa092b5ebf.json",44992,0,674,ok,""
"logs\task_manager\36c0f71ecbe64952a2f49769002c5247.json",61604,0,768,ok,""
"logs\task_manager\3b336845fe4847ebafe0d55b3b98403a.json",60869,0,774,ok,""
"logs\task_manager\3c7a74cd190341b7ae0873be29ce6b0b.json",56887,0,668,ok,""
"logs\task_manager\3fa685ef92c845868fd887f1a0c6573a.json",41672,0,660,ok,""
"logs\task_manager\471066c494b843e9bb4995b19f7895b2.json",50976,0,696,ok,""
"logs\task_manager\492f40d469644adfa2caf0472a0f9cd3.json",26249,0,463,ok,""
"logs\task_manager\4a3b8e9bad9b4b99858a8bc31d4e4937.json",40195,0,631,ok,""
"logs\task_manager\4dc910aab7e248db8a4a1b5c4e9e11c5.json",26612,0,520,ok,""
"logs\task_manager\4e0de4b045b8464080e18579a218a398.json",29702,0,562,ok,""
"logs\task_manager\55ee5a67d8e74ece8ab2d09c72c7e5cb.json",976,0,24,ok,""
"logs\task_manager\563fc84b9fcc49099e9588612623f191.json",39940,0,705,ok,""
"logs\task_manager\6226a581d6d3431daab082631ba6f48c.json",39777,0,691,ok,""
"logs\task_manager\682af69e04494380aa424e45b0f4e86c.json",53044,0,707,ok,""
"logs\task_manager\6ac87d4488c0409c9b3ecf90b205ec51.json",42455,0,656,ok,""
"logs\task_manager\7751f1da65044e1a82c37775fe653bea.json",38286,0,549,ok,""
"logs\task_manager\7c008a3b4dba465db5435fe285c82798.json",40395,0,571,ok,""
"logs\task_manager\8dd805a9a5034f5f87bd06165aabca61.json",38673,0,649,ok,""
"logs\task_manager\91220afaf4594b028e4fddeb15c94ee5.json",37043,0,646,ok,""
"logs\task_manager\913b1b2feced4e0ab2cf6db2f6587ead.json",46528,0,765,ok,""
"logs\task_manager\92ea76a2500c42f0a3ba17b01f91679f.json",63156,0,748,ok,""
"logs\task_manager\97fccf8547884e11975aa389c7219b5f.json",34165,0,609,ok,""
"logs\task_manager\9aac72c5e2274e9f892e5502b4b547ed.json",34793,0,633,ok,""
"logs\task_manager\a62153ebbd35423c9b9f6a1ed98fb39b.json",29144,0,560,ok,""
"logs\task_manager\ae3955c06d0846c6b35740e053006caf.json",34863,0,613,ok,""
"logs\task_manager\afe1d63eae734b5ca9b3f2d8d1d57893.json",61464,0,965,ok,""
"logs\task_manager\c9f1f894abbb428ebbf593ec46928309.json",39463,0,660,ok,""
"logs\task_manager\d2ca9752ff664e8d9943221ad15bcd61.json",52618,0,709,ok,""
"logs\task_manager\d98ce5945d6f4faf8a5f7b653646df4a.json",45299,0,692,ok,""
"logs\task_manager\e7fb125425de44a7b417a1b9257d6419.json",47519,0,716,ok,""
"logs\task_manager\f6c049de86b44a83902159366e84c197.json",31295,0,559,ok,""
"logs\task_manager\f79a2dfe710f4c07b1a2a187ea8aa685.json",43527,0,690,ok,""
"logs\task_manager\fc5e7d7eb9b6410c8e9694243458e9f6.json",52942,0,849,ok,""
"logs\task_manager\fe4cc96e8e71405582195f61f72e622c.json",42743,0,714,ok,""
"manager_agent\task_manager_agent.py",60269,0,1460,ok,""
"moe_layer\coder_agent\__init__.py",60,0,2,ok,""
"moe_layer\coder_agent\coder.py",8524,0,249,ok,""
"moe_layer\coder_agent\coder_pipeline.py",3794,0,104,ok,""
"moe_layer\coder_agent\storage\__init__.py",40,0,2,ok,""
"moe_layer\coder_agent\storage\local.py",3835,0,115,ok,""
"moe_layer\coder_agent\utils\__init__.py",41,0,2,ok,""
"moe_layer\coder_agent\utils\file_processors.py",3170,0,96,ok,""
"moe_layer\orchestrator\agent_registry.py",2894,0,88,ok,""
"moe_layer\presentation_agent\ppt_builder.py",12332,0,362,ok,""
"moe_layer\presentation_agent\presentation_pipeline.py",8198,0,259,ok,""
"moe_layer\quizzer_agent\quiz_pipeline.py",8793,0,241,ok,""
"moe_layer\text_generator_agent\text_pipeline.py",1277,0,49,ok,""
"moe_layer\video_agent\ppt_converter.py",5260,0,151,ok,""
"moe_layer\video_agent\script_writer.py",5295,0,134,ok,""
"moe_layer\video_agent\video_composer.py",9925,0,272,ok,""
"moe_layer\video_agent\video_pipeline.py",9149,0,274,ok,""
"README.md",11148,0,441,ok,""
"requirements.txt",60,0,2,ok,""
"requirements-code-runtime.txt",77,0,4,ok,""
"requirements-core.txt",254,0,13,ok,""
"requirements-rag.txt",47,0,2,ok,""
"results\aggregate_summary.json",1255,0,71,ok,""
"results\run_level_results.csv",1461,0,8,ok,""
"results\t1_python_lists\run_1\assets\generated_code_4.png",11765,1,736,ok,""
"results\t1_python_lists\run_1\lesson_1769021272.pptx",607084,1,37943,ok,""
"results\t1_python_lists\run_1\output\quiz.json",2304,0,58,ok,""
"results\t1_python_lists\run_1\scripts\builder_1769021272.py",4823,0,117,ok,""
"results\t1_python_lists\run_1\storyboard.json",3677,0,79,ok,""
"results\topic_best_results.csv",1553,0,8,ok,""
"static\css\style.css",15488,0,767,ok,""
"SYSTEM_FULL_DOCUMENTATION.txt",24364,0,875,ok,""
"templates\index.html",59769,0,1390,ok,""
"tests\debug_json_path.py",1436,0,44,ok,""
"tests\evaluation_runner.py",21474,0,519,ok,""
"tests\learning_eval_run\summary.json",400,0,17,ok,""
"tests\learning_eval_run\trace.jsonl",3676,0,10,ok,""
"tests\learning_gain_evaluator.py",16986,0,418,ok,""
"tests\observability_module.py",13875,0,387,ok,""
"tests\repro_pydantic_issue.py",1398,0,35,ok,""
"tests\test_artifact_refs.py",813,0,23,ok,""
"tests\test_judger_logic_fix.py",2030,0,65,ok,""
"tests\test_judger_semantic_criteria.py",3437,0,94,ok,""
"tests\test_path_handoff.py",2525,0,72,ok,""
"tests\test_presentation_integration.py",2111,0,65,ok,""
"tests\test_run_20260211_221753\summary.json",1141,0,50,ok,""
"tests\test_run_20260211_221753\trace.jsonl",1415,0,4,ok,""
"tests\test_workflow_dependency_blocking.py",3236,0,77,ok,""
